{"cameraMode":{"drawMode":0,"name":"Shaded","section":"Shading Mode"},"sceneLighting":false,"audioPlay":false,"sceneViewState":{"m_AlwaysRefresh":false,"showFog":true,"showSkybox":false,"showFlares":true,"showImageEffects":true,"showParticleSystems":true,"showVisualEffectGraphs":true,"m_FxEnabled":true},"in2DMode":false,"pivot":{"x":0.048012733459472659,"y":0.9510128498077393,"z":0.16392958164215089},"rotation":{"x":0.04987482354044914,"y":-0.6140331029891968,"z":0.03893019258975983,"w":0.7867944836616516},"size":1.5831412076950074,"orthographic":false}