{"cameraMode":{"drawMode":0,"name":"Shaded","section":"Shading Mode"},"sceneLighting":false,"audioPlay":false,"sceneViewState":{"m_AlwaysRefresh":false,"showFog":true,"showSkybox":false,"showFlares":true,"showImageEffects":true,"showParticleSystems":true,"showVisualEffectGraphs":true,"m_FxEnabled":true},"in2DMode":false,"pivot":{"x":0.048012733459472659,"y":0.9510128498077393,"z":0.16392958164215089},"rotation":{"x":-0.027797164395451547,"y":-0.721446692943573,"z":-0.02901519276201725,"w":0.6913626194000244},"size":2.627135992050171,"orthographic":false}