{"cameraMode":{"drawMode":0,"name":"Shaded","section":"Shading Mode"},"sceneLighting":false,"audioPlay":false,"sceneViewState":{"m_AlwaysRefresh":false,"showFog":true,"showSkybox":false,"showFlares":true,"showImageEffects":true,"showParticleSystems":true,"showVisualEffectGraphs":true,"m_FxEnabled":true},"in2DMode":false,"pivot":{"x":0.0014068186283111573,"y":-0.010063711553812027,"z":-0.0042886883020401},"rotation":{"x":-0.07756496220827103,"y":-0.41453278064727785,"z":0.03290778771042824,"w":-0.9063304662704468},"size":1.5584100484848023,"orthographic":false}