{"cameraMode":{"drawMode":0,"name":"Shaded","section":"Shading Mode"},"sceneLighting":false,"audioPlay":false,"sceneViewState":{"m_AlwaysRefresh":false,"showFog":true,"showSkybox":false,"showFlares":true,"showImageEffects":true,"showParticleSystems":true,"showVisualEffectGraphs":true,"m_FxEnabled":true},"in2DMode":false,"pivot":{"x":-0.06608578562736511,"y":0.6834796071052551,"z":0.40033286809921267},"rotation":{"x":0.013564852066338063,"y":0.6729578971862793,"z":-0.012295515276491642,"w":0.7395178079605103},"size":1.730546474456787,"orthographic":false}