{"cameraMode":{"drawMode":0,"name":"Shaded","section":"Shading Mode"},"sceneLighting":false,"audioPlay":false,"sceneViewState":{"m_AlwaysRefresh":false,"showFog":true,"showSkybox":false,"showFlares":true,"showImageEffects":true,"showParticleSystems":true,"showVisualEffectGraphs":true,"m_FxEnabled":true},"in2DMode":false,"pivot":{"x":0.02606508880853653,"y":0.6879608035087586,"z":0.3065471053123474},"rotation":{"x":0.14412134885787965,"y":-0.6628836989402771,"z":0.1321687549352646,"w":0.7227929830551148},"size":1.216894507408142,"orthographic":false}