{"cameraMode":{"drawMode":0,"name":"Shaded","section":"Shading Mode"},"sceneLighting":false,"audioPlay":false,"sceneViewState":{"m_AlwaysRefresh":false,"showFog":true,"showSkybox":false,"showFlares":true,"showImageEffects":true,"showParticleSystems":true,"showVisualEffectGraphs":true,"m_FxEnabled":true},"in2DMode":false,"pivot":{"x":-0.06608578562736511,"y":0.6834796071052551,"z":0.40033286809921267},"rotation":{"x":0.40941494703292849,"y":-0.007929245010018349,"z":0.0035569402389228346,"w":0.9123595356941223},"size":1.730546474456787,"orthographic":false}