{"cameraMode":{"drawMode":0,"name":"Shaded","section":"Shading Mode"},"sceneLighting":false,"audioPlay":false,"sceneViewState":{"m_AlwaysRefresh":false,"showFog":true,"showSkybox":false,"showFlares":true,"showImageEffects":true,"showParticleSystems":true,"showVisualEffectGraphs":true,"m_FxEnabled":true},"in2DMode":false,"pivot":{"x":-0.003666978795081377,"y":0.7587764263153076,"z":-0.02847972884774208},"rotation":{"x":0.13318125903606416,"y":0.05974041670560837,"z":-0.007959863170981408,"w":0.9893198013305664},"size":2.6565206050872804,"orthographic":false}