{"cameraMode":{"drawMode":0,"name":"Shaded","section":"Shading Mode"},"sceneLighting":false,"audioPlay":false,"sceneViewState":{"m_AlwaysRefresh":false,"showFog":true,"showSkybox":false,"showFlares":true,"showImageEffects":true,"showParticleSystems":true,"showVisualEffectGraphs":true,"m_FxEnabled":true},"in2DMode":false,"pivot":{"x":0.34736937284469607,"y":0.8869056701660156,"z":0.05318629741668701},"rotation":{"x":0.5560428500175476,"y":0.022702965885400773,"z":-0.015161502175033093,"w":0.8308075666427612},"size":1.8912509679794312,"orthographic":false}