{"cameraMode":{"drawMode":0,"name":"Shaded","section":"Shading Mode"},"sceneLighting":true,"audioPlay":false,"sceneViewState":{"m_AlwaysRefresh":false,"showFog":true,"showSkybox":true,"showFlares":true,"showImageEffects":true,"showParticleSystems":true,"showVisualEffectGraphs":true,"m_FxEnabled":true},"in2DMode":false,"pivot":{"x":-0.8146491050720215,"y":-1.823317050933838,"z":0.9371271133422852},"rotation":{"x":-0.1937362402677536,"y":0.049775078892707828,"z":-0.012218420393764973,"w":-0.9799116253852844},"size":11.213348388671875,"orthographic":false}