{"cameraMode":{"drawMode":0,"name":"Shaded","section":"Shading Mode"},"sceneLighting":true,"audioPlay":false,"sceneViewState":{"m_AlwaysRefresh":false,"showFog":true,"showSkybox":true,"showFlares":true,"showImageEffects":true,"showParticleSystems":true,"showVisualEffectGraphs":true,"m_FxEnabled":true},"in2DMode":false,"pivot":{"x":1.2212989330291749,"y":-11.612041473388672,"z":33.37535095214844},"rotation":{"x":-0.26406538486480715,"y":0.023718243464827539,"z":-0.006530876737087965,"w":-0.964221179485321},"size":27.388879776000978,"orthographic":false}