{"cameraMode":{"drawMode":0,"name":"Shaded","section":"Shading Mode"},"sceneLighting":true,"audioPlay":false,"sceneViewState":{"m_AlwaysRefresh":false,"showFog":true,"showSkybox":true,"showFlares":true,"showImageEffects":true,"showParticleSystems":true,"showVisualEffectGraphs":true,"m_FxEnabled":true},"in2DMode":false,"pivot":{"x":2.473544120788574,"y":3.4714150428771974,"z":-3.3398232460021974},"rotation":{"x":-0.30222028493881228,"y":0.06736614555120468,"z":-0.021529817953705789,"w":-0.9506638050079346},"size":5.557528018951416,"orthographic":false}