{"cameraMode":{"drawMode":0,"name":"Shaded","section":"Shading Mode"},"sceneLighting":true,"audioPlay":false,"sceneViewState":{"m_AlwaysRefresh":false,"showFog":true,"showSkybox":true,"showFlares":true,"showImageEffects":true,"showParticleSystems":true,"showVisualEffectGraphs":true,"m_FxEnabled":true},"in2DMode":false,"pivot":{"x":6.580991268157959,"y":-1.2143003940582276,"z":-3.741482734680176},"rotation":{"x":-0.6781043410301209,"y":0.21125061810016633,"z":-0.21356067061424256,"w":-0.6708064079284668},"size":0.32308119535446169,"orthographic":true}