{"cameraMode":{"drawMode":0,"name":"Shaded","section":"Shading Mode"},"sceneLighting":true,"audioPlay":false,"sceneViewState":{"m_AlwaysRefresh":false,"showFog":true,"showSkybox":true,"showFlares":true,"showImageEffects":true,"showParticleSystems":true,"showVisualEffectGraphs":true,"m_FxEnabled":true},"in2DMode":false,"pivot":{"x":0.3388645648956299,"y":9.651768684387207,"z":-0.3299209475517273},"rotation":{"x":-0.024894842877984048,"y":0.6639729142189026,"z":-0.02212381362915039,"w":-0.7470393180847168},"size":2.9482572078704836,"orthographic":false}