{"cameraMode":{"drawMode":0,"name":"Shaded","section":"Shading Mode"},"sceneLighting":true,"audioPlay":false,"sceneViewState":{"m_AlwaysRefresh":false,"showFog":true,"showSkybox":true,"showFlares":true,"showImageEffects":true,"showParticleSystems":true,"showVisualEffectGraphs":true,"m_FxEnabled":true},"in2DMode":false,"pivot":{"x":-0.4373859763145447,"y":3.4413251876831056,"z":0.3683943748474121},"rotation":{"x":-0.3765261769294739,"y":-0.0729832649230957,"z":0.029771097004413606,"w":-0.9230535626411438},"size":4.112105369567871,"orthographic":false}