{"cameraMode":{"drawMode":0,"name":"Shaded","section":"Shading Mode"},"sceneLighting":true,"audioPlay":false,"sceneViewState":{"m_AlwaysRefresh":false,"showFog":true,"showSkybox":true,"showFlares":true,"showImageEffects":true,"showParticleSystems":true,"showVisualEffectGraphs":true,"m_FxEnabled":true},"in2DMode":false,"pivot":{"x":-2.3863096237182619,"y":-3.7762532234191896,"z":-1.5967745780944825},"rotation":{"x":-0.47126924991607668,"y":-0.01979665830731392,"z":0.010112051852047444,"w":-0.8818028569221497},"size":12.120025634765625,"orthographic":false}