{"cameraMode":{"drawMode":0,"name":"Shaded","section":"Shading Mode"},"sceneLighting":true,"audioPlay":false,"sceneViewState":{"m_AlwaysRefresh":false,"showFog":true,"showSkybox":true,"showFlares":true,"showImageEffects":true,"showParticleSystems":true,"showVisualEffectGraphs":true,"m_FxEnabled":true},"in2DMode":false,"pivot":{"x":-0.5697107315063477,"y":1.0950324535369874,"z":0.08765649795532227},"rotation":{"x":-0.18819697201251985,"y":0.0074168103747069839,"z":-0.0024152430705726148,"w":-0.982259213924408},"size":14.069723129272461,"orthographic":false}