{"cameraMode":{"drawMode":0,"name":"Shaded","section":"Shading Mode"},"sceneLighting":true,"audioPlay":false,"sceneViewState":{"m_AlwaysRefresh":false,"showFog":true,"showSkybox":true,"showFlares":true,"showImageEffects":true,"showParticleSystems":true,"showVisualEffectGraphs":true,"m_FxEnabled":true},"in2DMode":false,"pivot":{"x":1.3388768434524537,"y":2.880753517150879,"z":-2.958144187927246},"rotation":{"x":-0.3071725368499756,"y":-0.023700596764683725,"z":0.0076197306625545029,"w":-0.9513580203056336},"size":6.357027053833008,"orthographic":false}