{"cameraMode":{"drawMode":0,"name":"Shaded","section":"Shading Mode"},"sceneLighting":true,"audioPlay":false,"sceneViewState":{"m_AlwaysRefresh":false,"showFog":true,"showSkybox":true,"showFlares":true,"showImageEffects":true,"showParticleSystems":true,"showVisualEffectGraphs":true,"m_FxEnabled":true},"in2DMode":false,"pivot":{"x":4.4681806564331059,"y":-5.406877517700195,"z":35.08528518676758},"rotation":{"x":-0.10063863545656204,"y":0.0035785571672022344,"z":-0.000362158112693578,"w":-0.9949178695678711},"size":27.26738739013672,"orthographic":false}