{"cameraMode":{"drawMode":0,"name":"Shaded","section":"Shading Mode"},"sceneLighting":true,"audioPlay":false,"sceneViewState":{"m_AlwaysRefresh":false,"showFog":true,"showSkybox":true,"showFlares":true,"showImageEffects":true,"showParticleSystems":true,"showVisualEffectGraphs":true,"m_FxEnabled":true},"in2DMode":false,"pivot":{"x":-0.5697107315063477,"y":1.0950324535369874,"z":0.08765649795532227},"rotation":{"x":-0.11938998103141785,"y":-0.11135267466306687,"z":0.01249699667096138,"w":-0.9866654276847839},"size":16.055891036987306,"orthographic":false}